Name,MarketId
USD/CAD,402944919
USD/JPY,402965007
EUR/USD,402964971
GBP/USD,402964985
AUD/USD,402964942
CAD/JPY,402964944
USD/CHF,402965000
AUD/CAD,402964934
AUD/CHF,402964935
AUD/CNH,402964936
AUD/JPY,402964937
AUD/NOK,402964938
AUD/NZD,402964939
AUD/PLN,402964940
AUD/SGD,402964941
CAD/CHF,402964943
CAD/NOK,402964945
CAD/PLN,402964946
CHF/HUF,402964947
CHF/JPY,402964948
CHF/NOK,402964949
CHF/PLN,402964950
CNH/JPY,402964951
EUR/AUD,402964952
EUR/CAD,402964953
EUR/CHF,402964954
EUR/CNH,402964955
EUR/CZK,402964956
EUR/DKK,402964957
EUR/GBP,402964958
EUR/HKD,402964959
EUR/HUF,402964960
EUR/JPY,402964961
EUR/MXN,402964962
EUR/NOK,402964963
EUR/NZD,402964964
EUR/PLN,402964965
EUR/SEK,402964968
EUR/SGD,402964969
EUR/TRY,402964970
EUR/ZAR,402964972
GBP/AUD,402964973
GBP/CAD,402964974
GBP/CHF,402964975
GBP/DKK,402964976
GBP/HKD,402964977
GBP/JPY,402964978
GBP/MXN,402964979
GBP/NOK,402964980
GBP/NZD,402964981
GBP/PLN,402964982
GBP/SEK,402964983
GBP/SGD,402964984
GBP/ZAR,402964986
HKD/JPY,402964987
NOK/DKK,402964988
NOK/JPY,402964989
NOK/SEK,402964990
NZD/CAD,402964992
NZD/CHF,402964993
NZD/JPY,402964994
NZD/USD,402964996
SGD/HKD,402964997
SGD/JPY,402964998
TRY/JPY,402964999
USD/CNH,402965001
USD/CZK,402965002
USD/DKK,402965003
USD/HKD,402965004
USD/HUF,402965005
USD/ILS,402965006
USD/MXN,402965008
USD/NOK,402965009
USD/PLN,402965010
USD/SEK,402965012
USD/SGD,402965013
USD/THB,402965014
USD/TRY,402965015
USD/ZAR,402965016
XAU/AUD,401153869
XAU/CHF,401153888
XAU/EUR,401153889
XAU/GBP,401153890
XAU/JPY,401195227
XAU/USD,401153870
ZAR/JPY,402965017
Wall Street CFD,401437608
State Street Corp,100459
Main Street Capital Corporation,401169913
US SP 500 CFD,401437606
US Bancorp,100496
USANA Health Sciences,400915199
US Tech 100 CFD,401437607
US Small Cap 2000 CFD,401437612
US Crude Oil CFD,401560141
US Global Jets ETF,401883122
USD/RON,402965011
US Crude Oil (per 0.01) Oct 23 CFD,403356696
US Crude Oil (per 0.01) Nov 23 CFD,403439939
Barrick Gold Corp USD,100098
Nokia US,400165140
iShares Dow Jones US Energy,400173227
iShares Dow Jones US Real Estate,400173229
Invesco DB US Dollar Index Bullish,400401083
Skechers USA Inc,400758577
T-Mobile US,400903718
iShares US Insurance ETF,401009433
iShares US Oil Equip & Services ETF,401052276
iShares US Technology ETF,401064833
Vanguard FTSE All World ex US,401124119
Altice USA,401517121
Schwab US Large-Cap ETF,401620455
AdvisorShares Pure US Cannabis ETF,401691232
DELEK US HOLDING ,401746712
Rocket Lab USA Inc,401875621
Murphy USA Inc,402981752
SPDR Gold Trust (US),101267
SPDR DJIA Trust,400158320
SPDR S&P 500 ETF,400159323
Industrial Select Sector SPDR,400173182
Sprott Physical Gold Trust,400774513
SP Plus Corp,401136942
Australia 200 CFD,401437598
Howmet Aerospace,99564
Scottish Mortgage Investment Trust,99874
Spirax - Sarco Engineering,100067
KeyCorp (US),100114
Carnival (USD),100270
Nabors Industries,100394
Newmont Mining Corp (USD),100400
Northern Trust,100408
PPG Industries,100429
Synovus Financial Corp,100467
Weyerhaeuser Co,100514
Sirius XM Holdings Inc,100624
Dentsply Sirona Inc,101174
Wheaton Precious Metals Corp,124621
Cirrus Logic,124775
LG Display Co (ADR),131230
Suncor Energy Inc (USD),132329
Vornado Realty Trust,132821
Teva Pharmaceutical Industries,133681
SABESP ADR,145776
iShares Silver Trust,148301
BHP Group (USD),153764
VANECK AGRIBUSINESS ETF,155835
iShares Russell 2000 ETF,156487
iShares MSCI Brazil Index Fund (USD),156506
Ryanair Holdings (USD),400158935
Airbus Group SE,400159080
iShares Russell 1000 Growth,400159299
iShares Russell 1000,400159300
iShares Russell 1000 Value,400159312
UBS Group AG (USD),400159851
iShrs FTSE Xinhua China 25 (USD),400160179
iShares SP Latin America 40,400160182
iShares SP Global Financials,400160188
Thomson Reuters Corp (USD),400160681
Natwest Group (USD),400160818
Daikin Industries,400163323
Daiwa House Industry,400163325
SUMITOMO MITSUI TRUST HOLDIN,400163431
Olympus,400163449
Sekisui House,400163468
Sumitomo Electric Industries,400163484
Toyota Tsusho Corp,400163513
CF Industries Holdings,400164063
Rambus,400165164
Astrazeneca Plc (USD),400165333
iShares MSCI Australia Index Fund,400165391
Financial Slt Sec SPDR Fnd,400166119
Deutsche Bank AG (USD),400166281
Vodafone Group (USD),400168525
Orange (USD),400168629
Anheuser Busch InBev,400168768
Unilever PLC (USD),400170665
Tenaris (USD),400172607
Consumer Discretionary SPDR,400173178
SPDR DOW JONES REIT ETF,400173180
Health Care Select Sector SPDR,400173181
SPDR S&P BANK ETF,400173184
SPDR S&P Regional Banking ETF,400173185
Materials Select Sector SPDR,400173186
Invesco S&P 500 Equal Weight ETF,400173190
SPDR S&P Homebuilders,400173191
SPDR S&P Metals & Mining,400173192
Technology Select Sector SPDR,400173193
Ultra S&P500 ProShares,400173195
UltraShort Russell2000 ProShares,400173199
UltraShort S&P500 ProShares,400173200
SPDR Utilities Select Sector,400173202
iShares Russell 2000 Growth Index,400173238
iShares Russell 2000 Value Index,400173239
iShares Russell Midcap Growth Index,400173240
iShares Russell Midcap Value Index,400173241
iShares S&P 500 Growth Index,400173242
iShares S&P 500 Index,400173243
iShares S&P 500 Value Index,400173244
CRH Plc (USD),400174029
Eldorado Gold Corp (USD),400183125
SPX TECHNOLOGIES INC,400195552
Rio Tinto (USD),400199899
ArcelorMittal (USD),400200697
Bausch Health Cos Inc,400202284
Wolfspeed,400203043
Dicks Sporting Goods,400203403
Proximus SA,400208310
Southern Copper Corp (USA),400208588
Enerplus Corp,400229707
United Microelectronics Corp (USD),400245712
Honda Motor (US),400332420
Ryman Hospitality Properties,400423768
Diamondrock Hospitality Co,400449850
SPDR Barc Cap High Yield Bond,400449865
Sumitomo Mitsui-Spons ADR,400503577
Aspen Technology Inc,400567688
Amadeus IT Holding SA,400592323
SAP AG ADR (USD),400592533
iShares Transportation Average ETF,400623922
Telefonica (US),400656796
iShares MSCI Spain Index Fund,400660217
Spirit Airlines,400668757
SPDR SP Dividend,400743699
Valmont Industries,400750228
Kulicke and Soffa Industries Inc,400758564
Centerspace,400764919
Sartorius AG - Vorzug,400767473
News Corp (USD) Class B,400774054
Spirit Aerosystems,400779517
Sasol Ltd - Sponsored ADR,400876612
Splunk,400897821
Proshares Ultrapro Short S&P 500,400917709
Polaris Industries,400921722
Trinity Industries Inc,400921842
BP Prudhoe Bay Royalty Trust,400935278
RLJ Lodging Trust,400946919
Knight-Swift Transportation Hldgs,400946924
Prospect Capital Corporation,400946967
SPDR S&P Pharmaceuticals ETF,400956297
Acadia Realty Trust,400961708
Digital Realty Trust Inc,400969954
PennyMac Mortgage Investment Trust,400978727
Anheuser-Busch InBev SA,400983367
First Trust Dow Jones Internet Index,400995034
Mohawk Industries Inc,400995895
ProShares Short Russell2000,400996679
First Trust NYSE Arca Biotec,400999645
ProShares UltraPro S&P 500,401001964
Spirit Realty Capital Inc,401003579
SPDR S&P Retail ETF,401003583
MSC Industrial Direct Co,401003928
Rush Enterprises,401010080
Mueller Industries Inc,401010085
TreeHouse Foods Inc,401013759
LyondellBasell Industries A,401014006
Fresenius SE & Co KGaA,401029048
Signet Jewelers Ltd (US),401031837
Franco-Nevada Corp (US),401032883
SPDR Barclays ST HY Bond ETF,401048522
SPDR S&P Oil & Gas Exp & PR,401049625
SPDR S&P Oil & Gas Equip & Serv ETF,401049629
Stellantis NV (US),401051289
Cenovus Energy Inc,401052258
Extra Space Storage Inc,401055074
Texas Roadhouse Inc,401055100
Sprouts Farmers Market Inc,401060231
SPDR S&P China ETF,401060402
Insperity Inc,401091167
Prosperity Bancshares Inc,401096152
Huntington Ingalls Industries Inc,401103734
CNH Industrial NV,401106005
Proshares Ultra Russel 2000,401110577
Invesco CurrencyShares Euro Trust,401116356
Dave and Busters Entertainment Inc,401117507
Oxford Industries,401117544
Diageo Plc (USD),401119353
Winnebago Industries Inc,401119636
Columbia Sptswr,401119689
Atlantica Sustainable Infra,401120686
Dycom Industries Inc,401123171
OneSpan Inc,401131176
Amicus Therapeutics Inc,401131180
J B Hunt Transport Services Inc,401133876
Marcus and Millichap Inc,401135196
HubSpot Inc,401152787
Empire State Realty Trust Inc,401154247
Madison Square Garden Sports,401156223
Universal Display Corp,401161051
Ferrari NV (US),401163190
SPS Commerce Inc,401173429
Direxion Daily 20 plus Yr Trsy Bull 3X ETF,401198735
Camden Property Trust,401228179
SPDR SP Biotech ETF,401246421
UFP Industries Inc,401249307
Worthington Industries Inc,401260616
Gibraltar Industries Inc,401323362
Astec Industries,401372565
Brighthouse Financial,401425376
Spain 35 CFD,401437614
Patrick Industries,401453083
Chart Industries INC,401459838
STAG Industrial Inc,401460579
XAG/USD (per 0.01),401466015
British American Tob-SP ADR,401478428
Siren ETF Trust Siren Nasdaq,401480197
Proshs Ultra Shrt Rusl 2000,401500293
Spotify Technology SA,401501224
CRISPR Thrptcs AG,401515744
DocuSign,401524169
Applied Industrial Tech,401538527
Invesco Aerospace Defense ETF,401542729
Medical Properties Trust Inc,401556262
Bilibili Inc Sponsored ADR,401556338
Tencent Music Entertainment,401564218
Alcon (US),401578818
Cousins Properties,401592368
Lantheus Holdings,401607588
Americold Realty Trust,401613473
Rexford Industrial Realty,401614861
COMM SERV SELECT SECTOR SPDR,401620556
Starwood Property Trust Inc,401620576
Service Properties Trust,401634565
Innovative Industrial Properties Inc,401638176
First Trust NASDAQ Cybersecurity ETF,401639099
Vanguard World funds Industrials ETF,401647687
Bank of Montreal (US),401647689
First Trust Cloud Computing,401670463
Endava Plc Spon ADR,401683482
Eplus Inc,401691468
Ehang Holdings Ltd SPS ADR,401691557
Sprott Uranium Miners ETF CFD,401692637
Arcturus Therapeutics Holdings,401697398
Prosus NV,401697801
Sandstrom Gold (USD),401698607
Roundhill Sports Bet and IGaming ETF,401709565
Real Estate Select Sector SPDR Fund,401709976
Vaneck Video Gaming Esports,401714022
Semrush Holdings Inc,401741524
Squarespace Inc Class A,401741730
Drx Dly SP Biotech Bull 3x,401746532
Sprinklr Inc Class A,401804173
Krispy Kreme Inc,401816476
Ast Spacemobile Inc,401869365
Paymentus Holdings Inc,401882138
DaDa Nexus Ltd,401882321
Sportradar Group AG,401883177
Advanced Energy Industries,401901930
First Trust Global Wind Energy ETF ,402253882
HgCapital Trust PLC ,402290608
SpartanNash Co ,402410561
SDCL Energy Efficiency Income Trust PLC CFD,402415287
Acushnet Holdings Corp ,402568491
BlackRock Sustainable American Income Trust ,402757045
ProShares Short S&P500 CFD,403189348
UK 100 CFD,401437605
Raytheon Technologies,99583
Infineon Technologies AG,99601
Microchip Technology Inc,99944
Trane Technologies PLC,100374
Micron Tech,100391
Roper Technologies Inc,101224
Akamai Technologies,122619
Infosys Technologies,130035
Marvell Technology Group,138150
Cognizant Technology Solutions,144737
iShares Nasdaq Biotech,400173183
iShares S&P 100 Index,400173223
Seagate Technology,400174177
Mastech,400208208
Semtech Corp,400208579
Zebra Technologies,400209312
Teledyne Technologies,400412256
TTM Technologies,400487143
TechnipFMC PLC,400523483
Logitech International,400601278
Dynavax Technologies,400686804
Align Technology,400734907
Puma Biotechnology,400887429
Logitech International SA,400894473
FleetCor Technologies,400921838
Amkor Technology Inc,400951464
Watts Water Technologies,400954575
ProShares Ultra Nasdaq Biotech ETF,400963435
Hollysys Automation Technologies Ltd,400989133
Carpenter Technology Corp,401012258
Forum Enrgy Tech Inc,401012587
HIMAX Technologies Inc,401019861
BWX Technologies Inc,401024312
Tyler Technologies Inc,401089076
M/A-COM Technology Solutions,401106001
SS and C Technologies Holdings Inc,401142762
Minerals Technologies,401231755
Dell Technologies C,401295461
Bio Techne Corp,401323370
DXC Technology,401379402
ASE TECHNOLOGY HOLDING -ADR,401399031
Solaredge Techologies Inc,401444593
Esco Technologies INC,401451786
John Bean Tech Corp,401451790
Vishay Intertechnology Inc,401459850
Hutchison China Meditech-ADR,401496542
Ormat Technologies,401524197
iRhythm Technologies Inc,401557361
Jumia Technologies AG,401592350
L3Harris Technologies,401593029
Adaptive Biotech Corp,401594026
Keysight Technologies,401614865
Graftech International,401616877
Vir Biotechnology Inc,401624648
Direxion Daily Tech Bull 3X,401625297
GAOTU TECHEDU INC,401647583
ZoomInfo Tech,401650664
Palantir Tech Inc A,401672244
Biontech SE ADR,401683228
Niu Technologies ADR,401688947
Luminar Technologies Inc,401689172
Avid Technology Inc,401697400
360 Digitech Inc,401697906
Up Fintech Holding Ltd ADR,401713955
SoFi Technologies Inc,401739503
Procore Technologies Inc,401740379
Par Technology Corp Del,401882533
Vitesco Technologies,401883203
Global X NASD 100 Cov Call,401885819
Viant Technology Inc A,401912701
Tetra Tech Inc,401924143
Proshares Ultra Technology,401974843
Krystal Biotech Inc CFD,403150113
Pagaya Technologies Ltd,403415133
Hong Kong 50 CFD,401437603
iShares MSCI Hong Kong,156508
China A50 CFD,401026694
iShares India 50 ETF,401091311
EU Stocks 50 CFD,401437600
Japan 225 CFD,401437604
Japan Tobacco,107693
Japan Airlines Co. Ltd,400668976
East Japan Railway,107676
iShares MSCI Japan Index,156494
West Japan Railway,400163516
Wisdom Tree Japan Hedged Equity,400711536
iShares MSCI Asia ex Japan ETF,401055054
iShares MSCI Pacific ex-Japan Index Fund,400250412
Oriental Land Co Ltd/Japan,401573727
Germany 40 CFD,401437602
iShares MSCI Germany Index,400173233
iShares S&P MidCap 400 Index,400173245
France 40 CFD,401437601
Italy 40 CFD,401437609
UK Crude Oil CFD,401560139
UK Crude Oil Nov 23 CFD,403405660
UK Crude Oil Dec 23 CFD,403488387
Duke Energy,100313
Shell PLC (UK),101347
Suzuki Motor Corp,400163488
Bruker Corp,400202969
UltraShort FTSE - Xinhua China 25 Proshare,400173198
iShares MSCI China ETF,401116330
Yum China Holdings,401315647
Drx Dly FTSE China Bull 3X,401697899
Drx Dly FTSE China Bear 3X,401697901
HK China Enterprises CFD,401699199
Invesco Golden Dragon China,401874375
Euronet Worldwide Inc,401009408
Euronav NV,401116377
Eurofins Scientific SE,401189515
EUR/RON,402964966
Coca-Cola European Partners,100287
iShares MSCI Eurozone ETF,400173232
ProShares UltraShort Euro,400660224
iShares MSCI Europe Financials ETF,401004268
WisdomTree Europe Hedged Equity Fund,401014022
Vanguard FTSE Europe ETF,401018811
B&M European Value Retail SA,401060152
Ishares EUR 600 Telecoms DE,401708675
Deutsche Bank AG (EUR),99609
Takeda Pharmaceutical Company,107785
Veolia Environnement (EUR),137821
Deutsche Telekom,147078
Occidental Petroleum,148512
Deutsche Boerse,149738
ASM International (EUR),153997
Keurig Dr Pepper,400158159
Unilever PLC (EUR),400159094
Chugai Pharmaceutical,400163319
ArcelorMittal (EUR),400166908
Neurocrine Biosciences,400208406
Marathon Petroleum Corp,400542972
Jazz Pharmaceuticals Inc,400594413
BioMarin Pharmaceutical,400632147
Alnylam Pharmaceuticals,400686780
Ionis Pharmaceuticals,400686823
Sarepta Therapeutics,400942798
Intercept Pharmaceuticals,400999086
Teucrium Wheat ETF,401009423
Teucrium Corn ETF,401021653
Teucrium Soybean ETF,401022912
ACADIA Pharmaceuticals Inc,401066029
Ultragenyx Pharmaceutical Inc,401069589
Ironwood Pharmaceuticals Inc,401073038
TG Therapeutics,401111003
Ligand Pharmaceuticals Inc,401142737
Pacira Pharmaceuticals Inc,401189511
PTC Therapeutics,401214444
Taro Pharmaceuticals,401377146
Corcept Therapeutics Inc,401463926
Iovance Biotherapeutics Inc,401495273
Intellia Therapeutics,401499440
Callon Petroleum Co,401515935
Agios Pharmaceuticals,401535941
Takeda Pharmaceutical ADR,401564306
Mirati Therapeutics,401592345
Reata Pharmaceuticals Inc,401614890
West Pharmaceutical Services Inc,401620520
Avadel Pharmaceuticals Ltd,401625190
Axsome Therapeutics Inc,401650732
Fate Therapeutics Inc,401669466
Allogene Therapeutics Inc,401669471
Arrowhead Pharmaceuticals,401670461
Bioxcel Therapeutics Inc,401672844
Rhythm Pharmaceuticals Inc,401672946
Revance Therapeutics Inc,401672948
Coeur D Alene Mines Corp,401673866
Seres Therapeutics Inc,401697522
Kiniksa Pharmaceuticals A,401708742
Karuna Therapeutics,401797309
Madrigal Pharmaceuticals Inc,403097554
Relay Therapeutics Inc,403110251
Travere Therapeutics Inc CFD,403150109
Pliant Therapeutics Inc CFD,403150111
Unibail Rodamco Westfield (EUR),403342243
iShares MSCI France Index,401012589
BBVA Banco Frances SA (ADR),401092351
iShares MSCI Italy Index Fund,400660220
Netherlands 25 (per 0.05) CFD,401437610
Wheat (per 0.25) Dec 23 CFD,403341927
Corn (per 0.25) Dec 23 CFD,403342229
Soybean (per 0.25) Nov 23 CFD,403417906
Singapore Index (per 0.1) CFD,401437613
iShares MSCI Singapore,156502
iShares MSCI Taiwan Index Fund,400165392
iShares MSCI EAFE Index,400173231
iShares MSCI Malaysia Index,400173235
iShares MSCI Mexico Index,400173236
iShares MSCI United Kingdom Index,400173237
iShares S&P SmallCap 600 Index,400173246
iShares MSCI Thailand Inv Mrkt Index Fd,401012590
iShares MSCI Sweden Index,401012593
Global X Social Media Index ETF,401012613
Vanguard Total Stock Market Index,401124218
VanEck Indonesia Index ETF ,402858166
Switzerland 20 CFD,401437615
Proshares UltraShort 20+ Yr Treasury,400252433
iShares Barc 20+ Yr Treasury ETF,400581931
Proshares Short 20+ Year Treasury,400615479
Direxion Daily 20 Yr Treasury Bear 3x,401123237
iShares 10-20 Year Treasury ,402736191
Vanguard Small-Cap ETF,400498953
Direxion SmallCap Bear 3x,400709934
Direxion Daily Small Cap Bull 3X,400954571
VANECK BRAZIL SMALL-CAP ETF,401050755
iShares MSCI India Small CAP,401879212
CAP Gemini,99628
Capital One Financial,100268
Pinnacle West Capital,100425
Vanguard Mid Cap ETF,400173205
Annaly Capital Management,400176460
Capri Holdings Ltd,400621476
Midcap Financial Investment Corp,400882551
Invesco Mortgage Capital,400978739
Ares Capital Corp,401065908
Aercap Holdings N.V.,401092274
Texas Capital Bancshares Inc,401096156
Encore Capital Group Inc,401110751
AXIS Capital Holdings Ltd,401115721
Rithm Capital Corp,401117541
Quantumscape Corp,401691191
Kinsale Capital Group Inc,402981751
Oakley Capital Investments Ltd,403090068
Tesla Motors,400401699
Isuzu Motors Ltd,400163374
General Motors Co,400471602
Lithia Motors,400879597
Nvidia Corp,138151
McDonalds Corp,99578
Exxon Mobil Corp,99591
Cintas Corp,99947
APA Corp,100091
Ball Corp,100096
Kohls Corp,100120
Lockheed Martin Corp,100127
Loews Corp,100128
Masco Corp,100138
Allstate Corp,100241
Ameren Corp,100244
Truist Financial Corp,100259
Brunswick Corp,100266
CHARLES SCHWAB CORP,100274
Cigna Corp,100277
Cincinnati Financial Corp,100278
CMS Energy Corp,100286
CSX Corp,100297
Danaher Corp,100300
Dover Corp,100308
Eaton Corp,100316
Entergy Corp,100325
Exelon Corp,100330
Fedex Corp,100334
FirstEnergy Corp,100337
Fluor Corp,100338
NCR Corp,100398
Northrop Grumman Corp,100409
Nucor Corp,100410
ODP CORP/THE,100413
Pg and E Corp,100423
PPL Corp,100430
Progress Corp OH,100432
Regions Financial Corp,100439
Stryker Corp,100462
Sysco Corp,100468
Target Corp.,100470
AES Corp,100478
VF Corp,100501
Waters Corp,100509
Xerox Corp.,100521
Zions Bancorp,100524
American Tower Corp,100619
Lam Research Corp,100686
Sony Corp,100687
Laboratory Corp of America,100725
Huntsman Corp,100817
SBA Communications Corp,100822
Cameco Corp,101201
PVH Corp,101222
Valero Energy Corp,101364
First Horizon Corp,101416
M and T Bank Corp,101417
Denso Corp,107674
KDDI Corp,107701
PANASONIC HOLDINGS CORP,107706
Nippon Steel Corp.,107769
Softbank Group Corp,107778
SONY GROUP CORP,107779
Sumitomo Corp,107780
Toshiba Corp,107787
Toyota Motor Corp.,107788
Z HOLDINGS CORP,107789
Heico Corp,116623
Hexcel Corp,120675
CVS Health Corp,125327
Pan American Silver Corp,131070
Monster Beverage Corp,132243
Lennar Corp,132599
Murphy Oil Corp,132826
CNX Resources Corp,132884
Intel Corp,133508
Microsoft Corp,133515
Starbucks Corp,133535
Dish Network Corp,138411
Keppel Corp,138521
Sleep Number Corp,140516
Chevron Corp,141557
Sealed Air Corp,149084
Gamestop Corp,149341
Southwest Gas Corp,150029
SLM Corp,152771
Middleby Corp,155157
Western Digital Corp,400158516
Terex Corp,400160410
Bridgestone Corp,400163317
Subaru Corp,400163356
Kao Corp,400163385
Kubota Corp,400163400
NEC Corp,400163434
NTT Data Group Corp,400163444
Taisei Corp,400163490
TDK Corp,400163492
Tokyu Corp,400163508
Toyota Motor Corp (ADR),400166402
Comcast Corp A,400168490
Massimo Corp,400168911
Fifth Third Bancorp,400171804
Kinross Gold corp,400171805
Kaiser Aluminum Corp,400183138
iShares IBoxx $ Invest Grade Corp Bd Fund,400186382
Moodys Corp,400188041
World Kinect Corp,400188151
Markel Corporation,400201599
Cognex Corp,400201672
Agco Corp,400202248
Edwards Lifesciences Corp,400203410
Fair Isaac Corp,400203426
Gentex Corp,400204410
Imax Corp,400204789
Teekay Corporation,400209172
Kemper Corp,400209289
McKesson Corp,400209832
FMC Corp,400217107
Pool Corporation,400237676
Kilroy Realty Corporation,400237679
Incyte Corp,400282380
New York Community Bancorp,400315856
Manulife Financial Corp,400384486
RALPH LAUREN CORP,400396544
First American Financial Corp,400438467
AGNC Investment Corp,400449896
iBoxx $ High Yield Corporate Bond Fund,400466176
Deckers Outdoor Corp,400469889
Hess Corporation,400524956
Hormel Foods Corp,400526711
First Majestic Silver Corp,400527769
Dollar General Corp,400562480
Lions Gate Entertainment Corp,400567686
Enovis Corp,400596216
Centene Corp,400609991
3D Systems Corp,400635920
Open Text Corp,400649792
SLR Investment Corp,400652534
Teradata Corp,400657821
Smith (A.O) Corp,400705907
Oshkosh Corporation,400711531
Westlake Chemical Corp,400712347
CNA Financial Corp,400721044
Enviri Corp,400749557
Lear Corp,400867719
SunPower Corporation,400887413
Arcbest Corporation,400902080
Wabash National Corp,400902443
Antero Resources Corp,400910510
iRobot Corp,400915201
Hyatt Hotels Corporation,400919761
Yaskawa Electric Corp,400924706
Six Flags Entertainment Corp,400937115
Fulton Financial Corp,400951466
Lindsay Corp,400953399
Prothena Corp PLC,400953400
Weibo Corp,400959101
Precision Drilling Corp,400963137
Sabre Corp,400963174
Mercury General Corp,400963427
Infinera Corp,400963431
Air Lease Corp,400963872
LKQ Corp,400964499
Realty Income Corp,400969946
Insulet Corp,400972561
Chimera Investment Corp,400978732
Targa Resources Corp,400981196
Visteon Corp,400995029
ON Semiconductor Corp,400995040
Pilgrim's Pride Corp,400998852
Methanex Corp,401001960
UniFirst Corp,401003798
Wabtec Corporation,401003808
Select Medical Holdings Corp,401003932
SITE Centers Corp,401018803
Primoris Services Corp,401018819
Neogen Corp,401020658
UGI Corp,401020695
Avient Corp,401020699
TFS Financial Corp,401029949
Caesars Entertainment Corp,401037134
Scorpio Tankers Inc,401037806
Kirby Corp,401037828
Masonite International Corp,401038634
LendingClub Corp,401047931
Olin Corp,401048695
Celanese Corp Series A,401052988
Navient Corp,401055066
MGIC Investment Corp,401055114
Valley National Bancorp,401055118
Vanguard Short-Term Corp Bond ETF,401055532
J&J Snack Foods Corp,401060426
Lancaster Colony Corp,401069619
Webster Financial Corp,401077593
Regal Rexnord Corp,401085227
Alliant Energy Corp,401085235
Packaging Corp of America,401087562
Potlatch Corp,401089072
Taylor Morrison Home Corp,401091175
EQT Corp,401094290
TransAlta Corp,401098412
Sanmina Corp,401098437
Black Hills Corp,401101011
TopBuild Corp,401121391
Pembina Pipeline Corp,401123163
Standex International Corp,401133122
Albany International Corp,401135094
Primo Water Corp,401135220
American Woodmark Corp,401142790
Regency Centers Corp,401156370
Scholastic Corp,401162519
Avista Corp,401164928
CDW Corp,401167559
Keyence Corp,401184566
W.R. Berkley Corp,401228189
Ingevity Corp,401246837
GATX Corp,401260618
Liberty Broadband Corp,401300163
Alcoa Corp,401318539
TD SYNNEX CORP,401323258
Curtiss-Wright Corp,401323268
Western Alliance Bancorporation,401323385
Credit Acceptance Corp,401323416
S&T Bancorp Inc,401323695
Quaker Chemical Corporation,401332089
United States Cellular Corp,401349250
Kaman Corp,401451737
Paylocity Holding Corp,401460174
National Beverage Corp,401466848
Green Dot Corp,401484266
Atlassian Corp PLC,401527480
Two Harbors Investment Corp,401527523
Redfin Corp,401557330
Cabot Corp,401557572
Equitrans Midstream Corp CA,401557581
Coherent Corp,401570493
Livent Corp,401573689
Nidec Corp,401573728
Chemed Corp,401579772
Parsons Corp,401584303
First Merchants Corp,401598815
Fortive Corp,401608840
FOX CORP - CLASS A,401620436
Bloom Energy Corp Class A,401621667
Carrier Global Corp,401638242
Fox Corp (Class B),401660273
Ecostar Corp-A,401665689
Appian Corp,401669476
Orthopediatrics Corp,401672950
American Well Corp Class A,401683334
QUIDELORTHO CORP,401683359
Solarwinds Corporation,401692630
Clean Energy Fuels Corporation,401692639
Lithium Americas Corp,401697404
Daqo New Energy Corp ADR,401697520
Endeavour Silver Corp,401697554
B2Gold Corporation,401697641
Permian Resources Corp,401699191
Sitime Corp,401699193
Mp Material Corp,401699195
Roblox Corp,401708516
Vuzix Corp,401708660
Bally's Corporation,401709530
Vericel Corp,401711015
Magnachip Semiconductor Corp,401714020
Haemonetics Corp Mass,401740022
Chepsapeake Energy Corp,401838178
Li Cycle Holdings Corp,401888453
Rogers Corp,401907939
Peabody Energy Corp ,402068209
Griffon Corp ,402342684
Repligen Corp ,402520917
Balchem Corp ,402596874
Berkshire Hills Bancorp Inc ,402630738
Nio INC,401547045
Union Pacific,100151
Dominion En,100306
Western Union,400216536
VanEck Vectors Junior Gold Miners,400581932
Brookdale Senior Living,400779059
Old Dominion Freight Line,400935968
PureFunds ISE Junior Silver ETF,401315644
Toronto Dominion Bank,401517376
Corn CFD,401578183
Wheat CFD,401578185
Soybean CFD,401578187
Sugar No. 11 CFD,401578191
Coffee C CFD,401578193
Cotton No 2 CFD,401578195
Trupanion Inc ,402143586
Premier African Minerals Ltd CFD,402415289
Heating Oil Jan 23 CFD,402676039
InMode Ltd CFD,403014082
Platinum (per 0.1) Oct 23 CFD,403094084
Immunocore Holdings PLC CFD,403139573
Cotton No 2 (per 0.01) Dec 23 CFD,403162153
Sugar No. 11 (per 0.01) Oct 23 CFD,403163401
zzzProvention Bio Inc CFD,403169457
Avidity Biosciences Inc CFD,403183236
Palladium (per 0.1) Dec 23 CFD,403267756
Coffee C (per 0.1) Dec 23 CFD,403321896
N.Y. Cocoa  Dec 23 CFD,403335482
Copper (per 0.05) Dec 23 CFD,403342222
Natural Gas (per 0.001) Oct 23 CFD,403415128
Heating Oil  Oct 23 CFD,403417936
TTF Nat Gas (per 0.01) Oct 23 CFD,403473291
TTF Nat Gas (per 0.01) Nov 23 CFD,403534838
TTF Nat Gas (per 0.01) Dec 23 CFD,403534839
Apple Inc,133498
Honeywell International Inc,99577
HP Inc,99581
Altria Group Inc,99586
Viavi Solutions Inc,99929
Biogen Inc,99968
Cencora Inc,100088
GAP Inc,100110
Motorola Solutions Inc,100149
NextEra Energy Inc,100342
TEGNA Inc,100346
H & R Block Inc,100357
Huntington Bancshares Inc,100371
S+ P Global Inc,100384
Revvity Inc,100421
PulteGroup Inc,100435
Stanley Black & Decker Inc,100460
Verizon Communications Inc,100500
Walgreens Boots Alliance Inc,100506
Tapestry Inc,100721
Principal Financial,100753
Patterson Companies Inc,101008
Carter's Inc,101227
McCormick And Co Inc,101418
JFE HOLDINGS INC,107694
NOV Inc,115813
Veradigm Inc,117604
Alphabet Inc A,128911
Nasdaq Inc,130108
BGC Group INC - A,130483
NovaGold Resources Inc,130980
ADOBE INC,133126
SSR Mining Inc,133156
ATI INC,133224
Amazon.com Inc,133500
Dollar Tree Inc,136883
Ovintiv Inc,136887
NetEase Inc ADR,140940
Zimmer Biomet Holdings Inc,146158
SALESFORCE INC,152621
United Airlines Holding Inc,157108
PENN ENTERTAINMENT INC,158670
F5 INC,400157669
NetApp Inc,400159016
Gen Digital Inc,400159018
AGC INC,400163315
Dentsu Inc,400163326
TOPPAN INC,400163510
Vinci,400166425
IAC INC,400168596
Lululemon Athletica Inc,400169078
Blackrock Inc,400171801
Booking Holdings Inc,400175674
Carmax Inc,400181807
Lincoln National,400185296
Borgwarner Inc,400202793
Ingredion Inc,400203042
Crown Holdings Inc,400203044
PEDIATRIX MEDICAL GROUP INC,400208370
PTC Inc,400208516
Nextgen Healthcare Inc,400208562
Popular Inc,400246111
Genworth Financial Inc,400246406
Evercore Partners Inc,400248241
MercadoLibre Inc,400252435
NVR Inc,400296590
Interactive Brokers Inc,400312742
Illumina Inc,400364176
Seagen Inc,400372311
Estee Lauder Companies Inc,400421372
OSI Sytems Inc,400466186
RPC Inc,400479340
MillerKnoll Inc,400482328
VENTAS INC,400492451
Itron Inc,400494589
InterDigital Inc,400499225
Verint Systems Inc,400515269
Community Health Systems Inc,400522478
Tempur Sealy International Inc,400528472
Live Nation Ent Inc,400528961
Regeneron Pharm Inc,400528962
Fossil Inc,400530671
BJS Restaurants Inc,400542122
Dana Inc,400543764
UDR Inc,400546275
Arcos Dorados Holdings Inc,400572249
CVR Energy Inc,400577651
The Hain Celestial Group Inc,400601589
Sun Life Financial Inc,400610194
Clean Harbours Inc,400658502
Flowers Foods Inc,400660982
Adtalem Global Education Inc,400686548
Beacon Roofing Supply Inc,400687566
The Buckle Inc,400706892
AbbVie Inc,400711003
Zillow Group Inc A,400711588
Fortinet Inc,400714053
KBR Inc,400715490
Hawaiian Holdings Inc,400720038
Rockwell Automation Inc,400724486
Prologis Inc,400727604
Herc Holdings Inc,400733430
Restaurant Brands International Inc,400734410
Ubiquiti Networks Inc,400734905
Gartner Inc,400738088
Manpowergroup Inc,400740832
Cal Maine Foods Inc,400742841
Sinclair Broadcast Group Inc,400742926
Proto Labs Inc,400747868
Nelnet Inc,400750750
Pegasystems Inc,400754916
Radian Group Inc,400758560
ORTHOFIX MEDICAL INC,400758568
Nu Skin Enterprises Inc,400758572
Hologic inc,400764931
Domino's Pizza Inc,400766654
Kinder Morgan Inc,400783057
JOYY INC,400900670
8x8 Inc,400902071
O'Reilly Automotive Inc,400902076
Amedisys Inc,400902088
Canadian Solar Inc,400903022
La-Z-Boy Inc,400913653
Alaska Air Group Inc,400918373
AeroVironment Inc,400922218
Anywhere Real Estate Inc,400931864
Stantec Inc,400937107
Exlservice Holdings Inc,400943977
Ballard Power Systems Inc,400946889
Plug Power Inc,400946901
Universal Insurance Holdings Inc,400946909
Chico's FAS Inc,400949503
Gogo Inc,400949631
Alphabet Inc C,400954096
Ally Financial Inc,400958628
Nuveen Preferred & Income,400963178
IQVIA Holdings Inc,400963876
Ensign Group Inc,400972560
NOW Inc,400972576
Provident Financial Services Inc,400978717
Nomura Holdings Inc - ADR,400981200
GoPro Inc,400986405
Greenbrier Co Inc,400991126
Mativ Inc,400995899
SunCoke Energy Inc,400995903
Allison Transmission Holdings Inc,400995914
United Natural Foods Inc,400996661
Autohome Inc,401000584
Fortune Brands Innovations Inc,401002333
Designer Brands Inc,401003804
Alkermes Inc,401003940
Rogers Communciations Inc,401009775
Brown and Brown Inc,401010028
Gentherm Inc,401010045
ALLETE Inc,401010503
Darling Ingredients Inc,401010907
H&E Equipment Services Inc,401010916
Envestnet Inc,401011041
Simpson Manufacturing Co Inc,401012603
Sabra Health Care REIT Inc,401013758
Iron Mountain Inc,401017435
Cadence Design Systems Inc,401018827
Trex Co. Inc.,401021008
TRI Pointe Homes Inc,401021544
WEC Energy Group Inc,401026700
WisdomTree Inc,401028605
Greif Inc,401028940
Five Below Inc,401029042
Avanos Medical Inc,401030021
Green Plains Inc,401031841
Arista Networks Inc,401032932
Saia Inc,401032941
Lennox International Inc,401036810
Arrow Electronics Inc,401038638
Hudson Pacific Properties Inc,401038657
Zoetis Inc,401038678
Clearway Energy Inc,401047108
CoStar Group Inc,401048512
Manhattan Associates Inc,401048517
PLDT INC ADR,401050653
Healthcare Services Group Inc,401052268
Qorvo Inc,401052293
Gildan Activewear Inc,401052989
Waste Connections Inc,401055058
Paycom Software Inc,401055110
Advance Auto Parts Inc,401055500
MRC Global Inc,401056556
Kennametal Inc,401060184
IDEXX Laboratories Inc,401060196
Vital Energy Inc,401060247
Papa John's International Inc,401060275
Copart Inc,401060297
Sonic Automotive Inc,401060414
Brookfield Asset Management Inc,401065897
CommVault Systems Inc,401065904
Welltower Inc,401065910
Essential Utilities Inc,401066405
Mueller Water Products Inc,401069579
Choice Hotels International Inc,401069581
Casey's General Stores Inc,401071287
Coty Inc A,401071291
Ulta Beauty Inc,401071297
Qualys Inc,401079103
Emergent Biosolutions Inc,401079779
Innoviva Inc,401085231
ONEOK Inc,401089059
Post Holding Inc,401089063
PBF Energy Inc,401091171
Matson Inc,401091327
Etsy Inc,401092335
ServiceNow Inc,401092347
Axon Enterprise Inc,401094336
Cullen Frost Bankers Inc,401095218
First Financial Bankshares Inc,401095222
Church & Dwight Co Inc,401097040
Cooper Companies Inc,401098416
Teleflex Inc,401098429
Dril-Quip Inc,401098433
AMC Networks Inc - A,401100662
Monro Muffler Brake Inc,401103623
XPO INC,401103996
Box Inc,401115945
Molina Healthcare Inc,401116392
Resmed Inc,401117306
Upbound Group Inc,401117515
Adeia Inc,401117694
Uniti Group Inc,401119632
Enbridge Inc,401119706
Energizer Holdings Inc,401121387
Alamos Gold Inc,401123303
Sturm Ruger and Co Inc,401124103
Verisk Analytics Inc,401124222
Williams Sonoma Inc,401124230
Paramount Group Inc,401128574
Citizens Financial Group Inc,401128575
Summit Hotel Properties Inc,401128576
Interface Inc,401129545
ASGN INC,401129550
AZZ Inc,401129554
Graco Inc,401129559
Paypal Holdings Inc,401130563
HealthEquity Inc,401131184
Churchill Downs Inc,401133126
Exponent Inc,401133872
RPM International Inc,401135192
WESCO International Inc,401136943
Zillow Group Inc C,401138530
AvalonBay Communities Inc,401142733
Bright Horizons Family Solutions Inc,401142756
Apogee Enterprises Inc,401148328
Diamondback Energy Inc,401152797
PJT Partners Inc,401156220
ONE Gas Inc,401164932
CNO Financial Group Inc,401166864
Dorman Products Inc,401167077
Match Group Inc,401183753
Genesco Inc,401184573
Block Inc,401184700
Autoliv Inc,401189519
Wolverine World Wide Inc,401189521
Caleres Inc,401198240
MSCI Inc,401203404
GoDaddy Inc,401211355
Catalent Inc,401232123
Syneos Health Inc,401234044
Charter Communications Inc,401247249
FirstCash Inc,401260606
Monolithic Power Systems Inc,401278056
Lincoln Electric Holdings Inc,401278057
Highwoods Properties Inc,401300139
EastGroup Properties Inc,401300161
PriceSmart Inc,401306253
ANSYS Inc,401306255
Sun Communities Inc,401306257
Twilio Inc,401306269
Bluebird Bio Inc,401310096
Calavo Growers Inc,401312527
Sunrun Inc,401322014
Nutanix Inc,401323254
Onemain Holdings Inc,401323285
Rollins Inc,401323352
Charles River Laboratories International Inc,401323373
Sally Beauty Holdings Inc,401323383
Mercury Systems Inc.,401323400
Kronos Worldwide Inc,401331995
Ollie's Bargain Outlet Holdings Inc,401332091
American Axle Manufacturing Holdings Inc,401332110
SkyWest Inc.,401347085
Aaon Inc,401365718
Snap Inc,401369354
Pure Storage Inc,401379025
Editas Medicine Inc,401385950
Shopify Inc,401385959
2U Inc,401392581
Burlington Stores Inc,401399970
Mizuho Financial Group Inc ADR,401400652
Cars.com Inc,401400694
Mettler-Toledo International Inc,401429895
Watsco INC,401430492
EVERTEC Inc,401432338
ImmunoGen Inc,401438340
Lumentum Holdings Inc,401446305
Trade Desk Inc,401448987
RB Global Inc,401449256
Overstock.com Inc,401449581
Cleveland-Cliffs Inc,401449633
Wex Inc,401451788
Descartes Systems Group Inc,401460162
CoreCivic Inc,401460165
Roku Inc,401460575
Premier Inc,401460580
Baozun Inc,401461388
Consol Energy Inc,401464197
Entegris Inc,401470105
Kadant Inc,401471623
Canada Goose Holdings Inc,401472963
RingCentral Inc,401472965
Penumbra Inc,401478970
Berkshire Hathaway Inc Class A,401478971
CommScope Holding Co Inc,401495268
DropBox Inc,401498864
iQIYI Inc,401507848
Laureate Educ Inc,401518688
Teladoc Inc,401520067
Element Solutions Inc,401523287
Zscaler Inc,401524469
Zuora Inc,401524824
MongoDB Inc,401525082
Century Com Inc,401525112
Iridium Communications Inc,401532963
SONOS Inc,401535937
PDD HOLDINGS INC,401535945
Okta Inc,401546045
Banc Of California Inc,401546193
Garrett Motion Inc,401551943
Arcosa Inc,401557148
ViaSat Inc,401570398
Lyft Inc,401578138
Dow Inc,401578242
Hilton Grand Vacations Inc,401583069
Ebix Inc,401583071
Uber Inc,401583281
Emcor Group Inc,401583285
Corteva Inc,401587785
Crowdstrike Holdings Inc A,401591163
McEwen Mining Inc,401591206
Chewy Inc,401592351
The GEO Group Inc,401593788
Merit Medical Systems Inc,401594003
Dynatrace Inc,401595439
SeaWorld Entertainment Inc,401598727
Coca Cola Consolidated INC,401598728
Fastly Inc,401605505
Peloton Interactive Inc,401605537
Ziff Davis Inc,401608653
Omnicell Inc,401615594
BLACKSTONE GROUP INC-A,401617685
Broadridge Financial Solutions Inc,401620474
Reinsurance Group of America Inc,401620502
Apellis Pharm Inc,401620626
Virgin Galactic Holdings Inc ,401624617
Datadog Inc,401624636
Schrodinger Inc,401629289
Enphase Energy Inc,401638184
Casella Waste Systems Inc A,401638188
DraftKings Inc,401647456
Arvinas Inc,401650728
Novavax Inc,401657656
Lemonade Inc,401657850
Ingersoll-Rand INC,401660267
Chegg Inc,401660300
KForce Inc,401663888
Five9 Inc,401665938
Smartsheet Inc Class A,401669477
LI Auto Inc,401670407
Pagerduty Inc,401670409
Phreesia Inc,401670411
Upwork Inc,401670475
Snowflake Inc Class A,401670489
Alteryx Inc Class A,401670588
Cloudflare Inc,401670590
Freshpet Inc,401670593
Corsair Gaming Inc,401676744
Xpeng Inc ADR,401676746
Appfolio Inc A,401683478
Magnite INC,401684048
Aarons Inc,401686268
Airbnb Inc,401688951
Door Dash Inc A,401689212
C3 AI INC A,401691102
Apartment Income REIT,401691135
Aurinia Pharm Inc,401691146
Cerence Inc,401691618
Digital Turbine Inc,401691691
Fulgent Genetics Inc,401691707
Apollo Global Management Inc,401692632
Ke Holdings Inc,401693343
UWM Holdings IV Inc,401693407
Affirm Holdings Inc,401693737
Tenable Holdings Inc,401694343
Fisker Inc,401695041
Bridgebio Pharma Inc,401697311
Lucid Group Inc,401697423
AXONICS INC,401697516
Veracyte Inc,401697524
Gatos Silver Inc,401697552
Dream Finders Homes Inc,401697674
Bumble Inc,401697799
DigitaBridge Group Inc,401697803
Stem Inc,401698574
111 Inc,401698576
Trinet Group Inc,401698578
Cassava Sciences Inc,401699245
Coupang Inc,401708658
IonQ Inc,401708690
RIOT PLATFORMS INC,401708693
Olo Inc Class A,401708796
Stride Inc,401709548
Hayward Holdings Inc,401709569
Coursera Inc,401709613
Coinbase Global Inc,401709994
Agora Inc ADR,401713041
IHuman Inc,401730952
UIPath Inc,401733950
Artivion Inc,401745313
Doximity Inc Class A,401802195
Confluent Inc Class A,401804175
Torrid Holdings Inc,401843782
Sentinelone Inc Class A,401856226
Robinhood Markets Inc,401865215
Lemaitre Vascular Inc,401870372
Radnet Inc,401870688
ON24 Inc,401871280
Abcellera Biologics Inc,401885098
Freshworks Inc CL A,401885268
Amplitude Inc Class A,401889598
Rivian Automotive Inc,401902557
Hertz Global Holdings Inc,401907709
Everbridge Inc,401979185
TPG INC,402003849
Matterport Inc,402061003
MaxLinear Inc ,402246901
WideOpenWest Inc ,402394315
Maravai LifeSciences Holdings Inc ,402400374
AMTD Digital Inc ,402510553
Hippo Holdings Inc ,402520919
Super Micro Computer Inc ,402552955
Corebridge Financial Inc ,402637915
EQRx Inc ,402655619
Funko Inc ,402655901
Calamos Convertible & High Income Fund ,402872244
Kenvue Inc,403229122
Phinia Inc,403397879
Green Brick Partners Inc,403578803
Adidas AG,99594
Mercedes-Benz AG,99606
SAP AG,99612
Sage Group,99707
DIAGEO,99739
Agilent,100028
Antofagasta,100037
Conagra Brands,100109
HeidelbergCement AG,100217
International Flav & Frag,100376
Credit Agricole,130141
Waste Management,132820
Agnico-Eagle Mines,133160
COMPAGNIE DE SAINT GOBAIN,133261
Henkel AG (Preferred),148096
UBS Group AG (CHF),148503
RWE AG,156299
Novartis AG,400159081
Swiss Re AG,400165482
Swisscom AG,400165483
Invesco DB Agriculture,400167684
Qiagen NV,400177187
Enagas,400180105
Volkswagen AG Pref,400180301
Ageas,400184862
Affiliated Managers Group,400202245
Magna International,400208334
Novartis AG ADR,400208410
Public Storage,400208558
Lonza Group AG,400345184
American Eagle Outfitters,400412257
Adecoagro SA,400524365
DSM-Firmenich AG,400610198
Eagle Materials,400725238
Continental AG,400748183
Coca-Cola HBC AG,400750683
Mtu Aero Engines AG,400767053
Symrise AG,400767080
Arthur J Gallagher & Co,401013751
Graphic Packaging Holding Company,401111409
Hexagon AB-B,401237130
Galapagos NV (NLD),401310430
Advanced Drainage Systems,401487251
Pagseguro Digital Ltd,401620534
Siemens Healthineers AG,401884934
Hensoldt AG ,402073523
Porsche AG ,402668318
EFG International AG,403328153
BAE Systems,99715
Cisco Systems,99943
FactSet Research Systems,130486
Vestas Wind Systems AS,400165960
Landstar Systems,400208318
Veeva Systems,400905179
EPAM Systems,401010033
Axalta Coating Systems Ltd,401228183
Telephone and Data Systems,401460636
Reckitt Benckiser Group,99722
Natwest Group (LSE),100161
Daiwa Securities Group,107673
Public Service Enterprise Group,400208557
Essent Group,401478769
J.P. Morgan Chase,99570
Citigroup,99576
Allianz SE,99596
BASF SE,99598
DHL Group,99610
Groupe Bruxelles Lambert,99663
Astrazeneca Plc (LSE),99710
Compass Group,99716
HSBC Holdings (LSE),99717
Smiths Group,99718
3i Group plc,99724
Rio Tinto (LSE),99733
Standard Chartered (LSE),99734
Land Securities,99745
Unilever PLC (LSE),99749
Ashtead Group,99768
Segro PLC,99871
Fiserv,99971
London Stock Exchange Group,100058
Severn Trent Water,100080
Burberry Group,100147
Interpublic Group,100375
Omnicom Group,100414
PNC Finl Services,100428
Sempra Energy,100452
Unum Group,100495
United Parcel Service,100727
Simon Property Group,100755
Intercontinental Exchange Group,100792
SEB,100884
Ameriprise Financial,101230
Admiral Group plc,101413
Mitsubishi UFJ Financial Group,107722
Mizuho Financial Group JP,107768
Seven and I Hldgs,107775
Sumitomo Mitsui Financial Group,107782
Jacobs Engineering Group,131596
CME Group,132818
Berkeley Group,133501
Discover Financial Services,137262
TOTALENERGIES SE,137820
Publicis Groupe,138062
DBS Group Holdings,138419
Trip.Com Group,140184
Porsche Automobil Holding SE,145858
AIG (American International Group),146420
Flowserve,147855
SSE PLC,148506
Intertek Group plc,148781
UnitedHealth Group,153123
Telia Company (SEK),158840
Market Vectors Oil Service ETF,400158371
Flutter Entertainment (LSE),400158372
Asahi Group Holdings,400163314
Asahi Kasei,400163316
Secom,400163451
Shiseido,400163476
Ferrovial SE,400165347
Jefferies Financial Group,400166230
Quanta Services,400167720
Taiwan Semiconductor Mfg ADR,400169954
United States Oil Fund CLOSE ONLY,400173201
Vanguard FTSE Emerging Mkts ETF,400173203
Vanguard FTSE Developed mkts ETF,400173204
Werner Enterprises,400175078
Astrazeneca Plc (SEK),400188127
Helix Energy Solutions Group,400194609
Aptargroup,400202259
Avis Budget Group,400202272
Group 1 Automotive,400204416
KB Financial Group,400204817
Mitsubishi UFJ Financial Group ADR,400208398
Cheesecake Factory,400210523
Universal Health Services,400216365
United States Nat Gas Fund CLOSE ONLY,400217582
Ocado Group PLC,400409208
Groupon,400577204
Phoenix Group Holdings,400577222
CRH Plc (LSE),400577833
NXP Semiconductors,400667071
MDU Resources Group,400718587
Shinhan Financial Group ADR,400752246
CBRE Group,400767125
Ambac Financial Group,400895583
TKO Group Holdings,400902990
American Airlines Group,400925661
Enerpac Tool Group,400926413
Norwegian Cruise Line Holdings Ltd,400995894
H WORLD GROUP LTD-ADR,401009269
Asbury Automotive Group,401010052
IMCD Group BV,401010073
Alibaba Group Holding,401010847
ISHARES SEMICONDUCTOR ETF,401014018
Zalando SE,401024304
TAL Education Group - ADR,401028945
VANECK SEMICONDUCTOR ETF,401031833
Berry Global Group,401033369
Textainer Group Holdings Ltd,401035171
G-III Apparel Group Ltd,401038679
Boise Cascade Co,401055508
Vonovia SE,401058022
Vector Group Ltd,401091319
Direxion Daily Semicon Bear 3x,401117135
AMN Healthcare Services,401119400
Be Semiconduct,401120231
Liberty LiLAC Group A,401122393
Auto Trader Group Plc,401122421
Trinseo SA,401136947
Ishares MSCI Frontier and Select,401156366
Triumph Group,401162527
Chr Hansen Holding AS,401219467
Argo Group International Holdings Ltd,401228193
NN Group NV,401304215
Hello Group,401312528
Sea Ltd,401524216
Newmark Group A,401560209
Revolve Group,401592355
Argenx SE,401658656
Direxion Daily Semi Bull 3X,401660197
ETFMG Prime Cyber Security,401670466
Big Commerce Holdings Ser 1,401683480
Vaneck Vectors Soc Sent ETF,401708518
Fuchs Petrolub SE,401709836
Kratos Defense and Security,401709906
Wickes Group,401713035
Pensionbee Group Plc,401714018
Endeavor Group Holdings,401733952
Zim Integrated Shipping Serv,401739338
Victorias Secret,401867553
Performance Food Group,401873907
TONIES SE,401883569
2Seventy Bio,401905181
zzzzAdler Group SA,402311456
Amtd Idea Group ,402510555
FinVolution Group ,402568489
CentralNic Group Plc,403060694
Harland & Wolff Group Holdings PLC,403332418
Swiss Life Holding,100941
Tokio Marine Holdings,107708
Nomura Holdings,107772
T and D Holdings,107784
Renaissance Holdings,131044
Silgan Holdings,136797
Inpex Holdings,400163371
Yamato Holdings,400163517
Randstad Holding,400168701
ASML Holding,400183128
Roche Holdings,400214254
HCA Holdings,400687562
MarketAxess Holdings,400711527
Integer Holdings,400712355
Vipshop Holdings Ltd,400755026
Noah Holdings Limited,400902063
Hilton Worldwide Holdings,400914965
JinkoSolar Holding Co Ltd,400919781
Generac Holdings,400963439
U.S Silica Holdings,401010062
El Pollo LoCo Holdings,401010072
Copa Holdings S.A,401037802
Navigator Holdings Ltd,401037832
Recruit Holdings Co Ltd,401081090
HSBC Holdings plc ADR,401117502
PROG Holdings,401119390
U-Haul Holding Co,401133139
Leidos Holdings,401300148
Cogent Communication Holdings,401323376
Ultra Clean Holdings,401439170
Howard Hughes Holdings,401446303
Pershing Square Holdings Ltd (GBP),401496225
Floor & Decor Holdings,401523588
MDC Holdings,401593939
DHT Holdings,401622847
ChargePoint Holdings,401691709
Upstart Holdings,401697336
Futu Holdings Ltd ADR,401697908
ASML Holding NV NY Reg Shs,401698534
GDS Holdings Ltd ADR,401709902
Kyndryl Holdings,401903031
Grab Holdings Ltd,401971648
NU Holdings Ltd Cayman ISL A,401980234
Kingsoft Cloud Holdings Ltd ,402925858
Randall & Quilter Investment Holdings Ltd,403049930
ARM Holdings Plc,403569469
General Electric Co,99565
Johnson and Johnson,99566
American Express,99568
Procter and Gamble,99571
Coca-Cola Co,99574
AT&T,99579
3M Company,99582
WalMart Stores,99587
Walt Disney,99588
International Paper,99593
Bayer,99602
Air Liquide,99622
AXA,99625
BNP Paribas,99626
Carrefour,99629
Renault,99639
STMicroelectronics (FRA),99644
Solvay,99665
AEGON,99671
Ahold Delhaize,99672
Anglo American,99691
Associated British Foods,99695
Prudential,99709
Pearson,99713
Imperial Brands,99728
British American Tobacco,99731
Rentokil Initial,99748
Legal And General,99752
Sainsbury,99762
Barratt Developments,99780
Informa plc,99827
St. James Place,99878
Whitbread,99897
Abercrombie and Fitch,99907
Abbott Laboratories,99908
KLA Tencor,99934
Ebay,99958
Paychex,99986
Paccar,99989
Advanced Micro Devices,100025
AFLAC,100027
Air Products & Chemicals,100029
Croda International,100043
British Land,100072
Ashland,100092
Automatic Data Processing,100093
Baxter International,100099
Brown Forman B,100105
Campbell Soup,100108
Kimberly-Clark,100116
Leggett & Platt,100122
Louisiana Pacif,100129
Lowes Companies,100130
Marathon Oil,100134
Marriott International,100135
Marsh and Mclennon,100136
Mattel,100139
Merck KGAA,100225
Analog Devices,100246
Autodesk,100253
Autozone,100254
Avery Dennison,100255
Bank Of America,100257
Becton Dickinson and Co,100260
Cervezas ADR,100284
Colgate Palmolive,100288
Comerica,100289
Darden Restaurants,100301
Dillard Cl A,100304
Eastman Chemical,100315
Ecolab,100317
Equity Residential,100327
Equifax,100328
Frprt-McMoran Copper and Gold,100345
General Mills,100349
Genuine Parts Co,100350
Goodyear Tire & Rubber,100354
Harley-Davidson,100360
Hartford Finl,100362
Hasbro,100363
Hershey Company,100367
Humana,100370
Jabil Circuit,100380
Morgan Stanley,100393
Newell Rubbermaid,100399
Robert Half International,100440
Sherwin Williams,100453
Snap-On,100455
Southern Company,100457
Tenet Healthcr,100474
Teradyne,100475
Texas Instruments,100476
Global Life,100483
Transocean,100484
Vulcan Materials,100503
Wells Fargo and Co,100512
The Wendy's Company,100513
Williams Companies,100516
Aviva,100526
Goldman Sachs,100537
Urban Outfitter,100612
InterContinental Hotels,100617
Autonation,100714
AIMCO (Apartment Invst & Mgmt),100720
The Travelers Companies,100726
Viatris,100750
Prudential Financial,100754
MGM Resorts International,100811
National Fuel Gas,100837
Hecla Mining,100866
Sandvik AB,100881
Alfa Laval,100895
Svenska Handelsbanken A,100896
Assa Abloy B,100900
Atlas Copco A,100901
Atlas Copco B,100902
Swedbank,100962
Gold Fields Ltd ADR,101044
Liberty Global PLC A,101088
Willis Towers Watson,101260
Intuitive Surgical,101277
Las Vegas Sands,101292
Fastenal,101316
Entain PLC,101361
Federated Hermes,101430
Astellas Pharma,107668
Canon,107670
Daiichinkyo Co,107677
Fanuc,107678
Hitachi,107681
Honda Motor (JP),107692
Komatsu,107704
Mitsubishi Estate Co.,107713
Mitsubishi Heavy Ind,107715
Mitsui and Co.,107724
Mitsui Fudosan Co,107725
Nippon Telegraph and Tel,107770
Nissan Motor Co,107771
Resona Hldgs,107774
Shin-Etsu Chemical,107777
Kansai Electric Power,107804
Smith and Nephew,115595
Blackbaud,116622
Steel Dynamics,116625
Hanesbrands,125317
Global Payments,130346
Kraft Heinz Co,130880
Reliance Steel & Aluminum,130974
First Solar,131356
Archer Daniels Midland,131466
Experian plc,131552
Canadian Pacific Kansas City,131581
CSN (Siderurgica Nacional),131675
Mastercard,132325
United States Steel,132602
American Electric Power,133037
Akzo Noble,133164
Applied Materials,133221
Oracle,133240
Boyd Gaming,133259
Amgen,133499
National Grid,133516
Ciena,133871
Gilead Sciences,135583
Hargreaves Lansdown,136982
Essilor International SA,137671
Orange S.A.,137672
LOreal,137810
TJX Companies,137811
Pernod Ricard,137813
Sanofi Aventis,137814
Schneider Electric SA,137815
Bank of New York Mellon,137916
Alstom,137945
Hermes International,138082
Qualcomm,138152
Grainger WW,138961
Beazer Homes,139676
Expeditors International,139743
Tanger Factory,139852
Royal Caribbean,139853
Check Point Software,140291
Harmony Gold Mining Co,140632
MBIA,145192
Tractor Supply,145481
Genpact,145596
Federal Realty Investment,145760
Blackberry,146822
Garmin Ltd,146831
Lamar Advertising Co - A,146899
Vale SA ADR,147449
Commercial Metals,147589
VMware,148125
Delta Airlines,148218
ABB Ltd (CHF),148422
Bath & Body Works,148508
Fidelity Natnl Info Svcs,149094
Nordea Bank,154753
ICICI Bank,155062
General Dynamics,155063
Societe Generale,155416
Baker Hughes a GE Co,155820
Anglogold Ashanti,155998
VanEck Vectors Gold Miners,156214
iShares MSCI Emerg Markt,156492
Visa,158347
Cracker Barrel Old Country Store,158584
Dolby Laboratories,158757
Jones Lang LaSalle,400157486
Repsol SA,400158379
Telefonica,400159082
H&M Hennes & Mauritz AB,400159086
Banco Santander,400159087
Endesa,400159095
IShares Comex Gold,400159315
iShares MSCI S Korea,400159603
Iberdrola,400159679
Macys,400159855
iShares MSCI South Africa,400160185
Yum Brands,400160822
Aeon,400163312
Ajinomoto,400163313
Dai Nippon Printing,400163322
Eisai,400163327
Fast Retailing,400163328
Kajima,400163381
Kyocera,400163413
Marubeni,400163422
Mitsubishi Chemical,400163426
Mitsui Chemicals,400163429
Obayashi,400163445
Odakyu Electric,400163446
Oji Paper,400163447
Osaka Gas,400163450
Sumitomo Chemical,400163483
Sumitomo Metal Mining,400163486
Sumitomo Realty,400163487
Tokyo Gas,400163507
Danone,400163598
Range Resources,400164064
Ultra Financials ProShares,400164753
Novo Nordisk AS,400165954
AP Moeller B,400165966
Carlsberg AS,400165969
Danske Bank AS,400165975
GN Store Nord AS,400165978
Parker-Hannifin,400166008
Take-Two Interactive,400166142
Mosaic Co,400166224
Compania de Minas Buenaventura SA,400166269
Costco Wholesale,400168495
Electronic Arts,400168594
Ultrashort QQQ,400168605
Raymond James,400169690
Ericsson (LM) ADR,400169937
Activision Blizzard,400170035
Petroleo Brasileiro,400170670
Itau Unibanco,400172425
Embraer,400172426
GOL Linhas Aereas Inteligentes,400172429
Dr. Reddy's Laboratories,400172504
HDFC Bank ADR,400172505
Wipro Ltd ADR,400172507
Bancolombia - Pref,400172565
Fomento Economico Mexicano,400172567
Grupo Aeroportuario del Pacifico,400172568
Grupo Televisa S.A.B.,400172603
Invesco Water Resources ETF,400173188
Ultra QQQ ProShares,400173194
UltraShort Dow30 ProShares,400173196
Vanguard REIT ETF,400173206
Vanguard Value ETF,400173221
iShares Barclays TIPS Bond,400173230
Acuity Brands,400173249
Barclays PLC- ADR,400173884
BP Plc (ADR),400173949
Berkshire Hthwy Class B,400173957
Canadian Natural Resources,400174007
Accenture,400174123
Constellation Brands A,400174176
Martin Marietta Materials,400175601
Core Laboratories,400176828
Grifols SA,400177217
ACS Construction,400180055
Acciona,400180070
Acerinox,400180075
Bankinter SA,400180085
Banco Bilbao Vizcaya Argentaria S.A.,400180090
CaixaBank,400180100
Naturgy Energy SA,400180120
Indra Sistemas SA,400180125
Barclays IPTH DJ,400183113
Sociedad Quimica y Minera de Chile,400185738
Kimco Realty Cp,400186356
Royal Gold,400196157
Compass Minerals international,400198227
Strayer Education,400200184
Albermarle,400202250
Avnet,400202273
Banco Bradesco SA ADR,400202277
Celestica,400202974
Franklin Resources,400204401
Grupo Aeroportuario Sureste,400204417
Korea Electric Power,400204819
Manitowoc Co,400208339
Myriad Genetics,400208402
National Instruments,400208403
Patterson-UTI Energy,400208517
Power Integration,400208552
Rayonier,400208566
Silicon Laboratories,400208583
Southwest Airlines,400208589
STMicroelectronics ADR,400208593
Steven Madden,400208598
Synaptics,400209159
Telekomunik Indonesia,400209162
Tidewater,400209171
Trimble Nav,400209277
United Rentals,400209288
Vertex Pharma,400209298
Jetblue Airways,400209627
iShares S&P GSCI Commodity,400209651
Pioneer Natural Resources,400209829
Expedia,400210179
Direxion Daily Fin Bull 3x,400216101
Zurich Financial,400216284
Hanover Insurance,400216974
SL Green Reality,400217979
Dirxn Dly Fin Bear 3XShs,400224389
DEMANT A/S,400227544
CIA BRASILEIRA DE DIS- ADR,400238540
Chipotle Mexican Grill,400261708
United Theraputics,400315849
The Macerich Company,400346671
Ecopetrol SA,400409320
Equity Commonwealth,400416352
NICE Ltd ADR,400474597
CBOE Global Markets,400480685
Assured Guaranty Ltd,400481066
ProShares Ultrashort Silver,400490941
Novo-Nordisk ADR,400491579
Carlisle Companies,400493875
Aperam,400496472
Givaudan SA,400501181
ADTRAN,400501429
Davita,400522295
WW International,400526527
Proshares Ultra Silver,400528697
Golar LNG Ltd,400530269
WestRock Company,400530667
First Republic Bank,400542331
Under Armour A,400563665
Legrand SA,400592319
Oil States International,400593552
Oceaneering International,400593556
Sanofi SA,400593745
Trip Advisor,400594681
Herbalife Ltd,400597729
BANK OZK,400601624
Shell A (ADR),400605828
ING ADR,400605832
Meta Platforms,400633067
Archrock,400644950
Ambev SA,400644959
ProShares Ultra VIX ST,400647953
Palo Alto Networks,400657545
Manchester United Plc,400658930
Broadcom Ltd,400660204
Total SA ADR,400660980
Pentair PLC,400685313
Mondelez International,400685526
Banco Latinoamericano de Comercio,400695784
Guidewire Software,400698547
Warner Bros Discovery,400700265
Lazard Ltd,400704432
Edgewell Personal Care Co,400706147
ENI S.p.A ADS,400719799
Safran SA,400720787
Banco Bilbao Vizcaya Argentaria ADR,400722086
Smith & Wesson  Brands,400728581
YPF SA,400734916
iShares Home Construction,400742906
iShares U.S Healthcare,400742910
iShares Global Energy,400742914
iShares Global Healthcare,400742918
Turkcell Iletisim Hizmetleri AS,400745852
iShares High Dividend Equity ETF,400755030
Stratasys Ltd,400755660
Helmerich & Payne,400764930
Direxion Daily S&P Bull 3X Shares,400765416
iShares MSCI Turkey ETF,400767995
PIMCO Total Return,400777840
Paramount Global,400784535
ICU Medical,400870696
Alexandria Real Estate Equities,400879349
VANECK RETAIL ETF,400879601
Global X Silver Miners ETF,400882567
Coloplast A/S,400888524
Global X Uranium ETF,400896560
iShares MSCI Canada ETF,400898743
Allegion Plc,400907618
ProShares UltraShort Oil & Gas,400914221
Direxion Daily Gold Miners Bear 2X,400914230
Proshrs Ultrapro Short QQQ,400917713
Prshr Ultrapro Shrt Dow30,400917717
Travel + Leisure Co,400919757
Ambarella,400919777
Banco de Chile,400929421
ProShares Ultra Bloomberg Crude Oil,400931870
Bloomin Brands,400932677
iShares MSCI Indonesia ETF,400939876
Liberty Global PLC C,400942793
United States Brent Oil Fund,400943863
Jack In The Box,400949627
Dassault Systemes,400955197
ProShares Short QQQ,400963538
MFA Financial,400978744
The Boston Beer Company,400995880
Crown Castle International,401003936
Criteo SA,401004591
Global X Lithium ETF,401009428
VanEckVectors Vietnam ETF,401010004
Acadia Healthcare Company,401010067
Stepan Co,401010902
Koninklijke Philips N.V  (ADR),401012262
Portland General Electric Co,401017439
Healthpeak Properties,401018835
iShares Dow Jones ETF,401022593
Proshares VIX Shrt Term,401022698
Direxion Dly Jr Gld Bear 2x,401024450
Aptiv Plc,401026704
ProShares Ultra Dow30,401029377
Equinor ASA (ADR),401034314
Coterra Energy,401034318
CyberArk Software Ltd,401036806
iShares Global Telecom ETF,401042576
SIKA,401045101
Zurn Elkway Water Solutions,401046640
Vanguard Extended Treasury ETF,401048531
Teleperformance SA,401052246
ProShares UltraShort Bloomberg Crude,401060156
Direxion Daily Energy Bull 2x Shares,401060398
Northwest Bancshares,401066409
AECOM,401069593
GlaxoSmithKline - ADR,401079794
WisdomTree India Earnings ETF,401091307
Banco Santander Chile,401092326
Aramark,401092343
Telecom Argentina SA,401092470
Cofinimmo SA,401092478
Ametek,401093384
Elevance Health,401093388
Assurant,401097036
X-Trackers Harvest CSI 300 CH ETF,401106039
ProShares VIX ST,401110557
ProShares Ultra Real Estate,401110683
Direxion Daily S&P Bear 3X,401111149
American States Water Co,401114949
Melia Hotels International SA,401116387
Banco Santander ADR,401117156
Banco Santander Brasil,401117160
Pandora,401117523
AP Moeller-A,401118312
Grand Canyon Edu,401118379
Healthcare Real,401118756
Thales,401118760
Halozyme Therap,401118797
Fid Natl Finan,401119172
iShares MSCI Peru,401119212
Sibanye-Stillwater ADR,401120199
Americn Wtr Wks,401120473
Amphenol A,401120517
iShares MSCI ACWI etf,401120644
Novozymes AS,401120978
Radware Ltd,401122802
ProShares Ultra Gold,401123293
The Chemours Company,401124098
Synchrony Financial,401124107
CubeSmart,401142766
Banco Macro SA,401142774
Wayfair,401148350
Aena SA,401152802
Allegiant Travel Company,401162510
Kinnevik AB,401163294
Central Garden and Pet Co,401164924
Hewlett Packard Ent,401167081
Ambu AS,401169260
Genmab A/S,401179400
Chesapeake Utilities,401184173
ProShares Short High Yield,401189506
Globant SA,401189594
Aegon N.V ADR,401205928
Direxion Daily Emg Mkt Bear 3X,401213239
Smurfit Kappa (GBP),401218391
Under Armour C Shares,401232871
Matador Resources,401306246
Apollo Commercial Real Est. Finance,401306266
Adient plc,401315271
Osisko Gold Royalties,401359038
Canadian National Railway,401381516
Walker & Dunlop,401392744
Granite Construction,401399974
Horizon Pharma Plc,401406984
Topgolf Callaway Brands,401430482
Triton International Ltd,401445529
Century Aluminum Co,401450712
ProShares UltraPro Dow30,401464203
BIOHAVEN LTD,401471618
Bavarian Nordic AS,401472967
Amplify Transformational Data Sharing ETF,401480385
Piper Sandler Cos,401495258
Moelis and Company,401495261
American Eqty Invsmt Life Hldg Co,401496545
iShares MSCI Saudi Arabia ETF,401503804
ARKK - ARK Innovation ETF,401515000
VOYA Finanacial,401516887
Upland Software,401516895
Wyndham Hotels & Resorts,401519504
Adyen B.V.,401524487
AMC Entertainment,401532961
Alarm.com,401542439
Global X Robotics Artificial Intelligence ETF,401545989
Elastic NV,401556335
Dine Brands,401556337
Moderna,401564219
Planet Fitness,401573506
Murata Manufacturing Co Ltd,401573729
Elanco Animal Health,401577337
Guardant Health,401578176
Alcon (Swiss),401578817
Zoom Video Communications (A Class),401580414
Beyond Meat,401583215
ETFMG Alternative Harvest,401584434
Kontoor Brands,401585269
Fiverr International Ltd,401592354
Franklin Electric Co,401593676
Proshares Ultrapro QQQ,401593935
Global X MSCI Argentina ETF,401597129
Rockwool International B,401598752
iShares 1-3 year bond ETF,401603382
M&G Prudential,401608802
iShares Core MSCI Emerging Markets ETF,401617687
DSV A/S,401622331
Robo Global Robotics & Automation,401622347
iShares Global Timber & Forestry ETF,401622349
Teekay Tankers LTD,401622849
Global X Copper Miners ETF,401623425
Worldline SA,401625230
Direxion Daily Oil Gas Bull 2x,401633620
zzzArconic,401638230
Farfetch Ltd,401644085
Carnival Plc ADR,401654009
Proshares Ultra Bbg Nat Gas,401657744
Aon Plc Class A,401660298
Direxion DLY Korea Bull 3X,401665550
Curevac NV,401670413
Staar Surgical Co,401670416
Vanguard Growth ETF,401670468
Unity Software,401671066
Amcor Plc,401678050
Blink Charging Co,401689190
Clarivate Plc,401691104
Marathon Digital,401692616
Petco Health and Wellness Co,401697365
Paysafe Ltd,401697367
Ebang International,401699248
Ishares Global Clean Energy,401709552
Global X MSCI Greece ETF,401738221
Global X MSCI Portugal ETF,401738223
Organon & Co,401745315
Walkme Ltd,401777465
Carvana Co,401790468
Monday.com Ltd,401804171
DingDong Cayman Ltd ADR,401812269
Invesco Solar ETF,401838176
Full Truck Alliance ADR,401850952
Jackson Financial,401878995
iPath Pure Beta Crude Oil,401880589
Proshares Ultrashort Bloomberg,401890855
Digital World Acquisition A,401898383
Liberty All Star Equity Fund,401911482
Polestar Automotive,401914561
Daimler Truck,401932154
Pantheon International Plc,402005157
Ishares MSCI Chile ETF,402008914
Ishares MSCI Philippines ETF,402008916
iShares 0-5 Year TIPS ,402268701
Breakwave Dry Bulk Shipping ETF ,402553007
FlexShs iBoxx 3Y Target Duration TIPS ,402567983
YELLOW CAKE PLC ,402590789
Chrysalis Investments Ltd,402596872
Ithaca Energy Plc ,402786512
iShares 0-3 Month Treasury ,402839711
iShares Core MSCI EAFE ETF ,402883940
Watkin Jones,402975649
Endeavour Mining PLC,402995031
Verona Pharma PLC,403097556
Ascendis Pharma A/S,403203608
ALTAIR ENGINRING,403328149
VinFast Auto Ltd,403499462
Bionomics LTD - ADR,403534840
ZTO Express,401517084
Boeing Co,99572
Umicore,99669
Tesco,99738
Kellog Co,100112
Kroger Co,100121
Best Buy Co,100262
Clorox Co,100285
Consol Edison,100292
Corning,100296
Deere & Co,100302
Ford Motor Co,100339
Pepsico,100420
ConocoPhillips,100693
Dexcom,100824
Molson Coors Brewing B,101420
Fuji Photo Film CO,107679
Kirin Brewery Co.,107703
Mitsubishi Electric Co,107712
Invesco QQQ Trt Srs 1,133051
TE Connectivity Ltd,137267
Ricoh Co Ltd,400158289
Owens Corning,400159760
FTI Consulting,400168695
Invesco DB Commodity,400173187
Posco,400174227
Toro Co,400174916
FLSMIDTH & CO,400188154
Melco Resorts Entmt,400208371
Veeco Instruments,400209294
Perrigo Co Plc,400334003
Glencore PLC,400530264
JD.com,400978738
Timken Co,401032936
Icon Plc,401098425
Wix Com Ltd,401110532
E.W. Scripps Co,401110720
Silicon Motion,401117104
Elme Communities,401228195
SM Energy Co,401250918
Conduent,401343333
Constellium NV,401411576
KKR Co,401477799
StoneCo,401578179
Wisdomtree Cloud Computing,401714046
Metlife,100389
Equity Lifestyle Properties,400536154
Chubu Electric Power,107671
Chubb Ltd,99911
Flex Ltd,99974
Bunge Ltd,400157235
Holcim Ltd,400180057
Teck Resources Ltd,400181157
Nutrien Ltd,401476335
Nexgen Energy Ltd,401695037
Jfrog Ltd,401870690
Perion Network Ltd ,402038850
Borr Drilling Ltd ,402322073
Emerson Electric,100323
IBM,99585
Netflix,100650
Nike CL B,100402
BMW,99600
KBC Groep NV,99664
UCB,99668
BP,99759
Bristol Myers Squibb,100104
KB Home,100111
Boston Scientific,100265
Pitney Bowes,100426
Schlumberger,100450
Tele2 B,100886
Investor B,100905
Electrolux B,100961
SKF B,101054
Toll Brothers,101383
Bunzl,101755
Brinker Intl,130487
Boston Properties,132810
Bouygues,133245
Belden,146341
Ericsson B,400165807
CH Robinson Worldwide,400168593
Stericycle,400208597
Ferroglobe Plc,400246409
Direx Dly GdM Idx Bull 2X,400900560
Republic SVCS,401117298
Db Gld Dblng Etn,401119345
Builders FirstSource,401142798
FibroGen,401527478
BENS CREEK ,402109732
DUTCH BROS ORD ,402375727
Pfizer,100422
Nordstrom,100405
Ross Stores,101120
Host Hotels & Resorts,128133
Sunstone Hotel Investors,130484
Southwestern Energy,400160876
Ryder System,400168358
Nestle,400168592
Wingstop,401574464
Pinterest,401580412
MKS Instruments,401871459
DuPont De Nemours,99584
Muenchener Rueckversicherungs,99608
LVMH Moet Hennessy Louis Vuitton,99634
United Utilities,99754
Cummins,100298
EOG Resources,100326
Nisource,100403
Norfolk Southern,100406
FUJITSU LIMITED,107680
Wolters Kluwer,145499
Shimizu,400163471
Skyworks Solutions,400164260
J M Smucker,400167729
Eversource Energy,400188747
Guess,400204418
Siemens (GER),99616
Koninklijke Philips Electronics,99684
Schroders,99698
GSK PLC,99701
Kingfisher,99740
Persimmon,99859
DS Smith,99872
Intuit,99925
Edison Intl,100318
NY Times,100411
Thermo Fisher Scientific,100480
Wynn Resorts,101370
Diodes,130230
Crocs,131680
Equinix,147856
Illinois Tool Works,157186
Philip Morris,400155556
Fresnillo,400158755
Synopsys,400168598
Tyson foods,400169956
Ternium,400172753
Henry Schein,400204421
EnerSys,400264588
Phillips 66,400629660
Kosmos Energy,400744919
VeriSign,400752250
Exelixis,400985238
Insmed,401073034
Nordson CP,401118053
Cimpress NV,401184567
LGI Homes,401444690
Otis Worldwide,401638241
Siemens Energy,401672210
Emerging Mrkts Internet EC,401714048
FRSH DEL MONTE ,402384387
Smith & Nephew PLC ,402599821
HENDERSON INT. ,402757042
Relx PLC,99729
Next,100079
Textron,100477
XCEL Energy,100520
Cemex,131591
Inditex,400180770
Xylem,400609981
Home Depot,99573
WPP,99763
Medtronic Plc,100386
Linde Plc,100431
T Rowe Price GP,100469
Whirlpool,100515
Centerpoint Energy,100716
Rightmove Plc,107900
KONINKLIJKE KPN NV,135519
Mondi Plc,137188
ING Groep,400159097
DCC PLC,400913982
IOG PLC,403332416
Natural Gas (per 0.001) Nov 23 CFD,403499466
DTE Energy,100311
Richemont,100973
Getinge,400160197
Tokyo Electron,400163506
D.R. Horton,400201501
Foot Locker,400203431
Michelin,137809
Cheniere Energy,400167304
